product_id,seller_id,category,price,num_listings,review_count,share_cg_reviews,return_rate,risk_score,is_flagged
18033,31,Accessories,763.8823511746422,17,56,0.30357142857142855,0.0,1.0,1
15970,6,Apparel,728.6422910009513,26,103,0.24271844660194175,0.038461538461538464,1.0,1
39386,47,Apparel,915.7537422908624,23,79,0.3291139240506329,0.043478260869565216,1.0,1
59863,36,Personal Care,1071.0438714978409,19,70,0.2857142857142857,0.015789473684210523,1.0,1
33480,34,Accessories,269.9571370431518,16,56,0.375,0.01875,1.0,1
40172,22,Accessories,1003.2335661877833,13,52,0.3269230769230769,0.046153846153846156,1.0,1
10602,35,Apparel,438.44505158730726,16,62,0.25806451612903225,0.0375,1.0,1
13087,6,Footwear,729.9017165109826,26,103,0.24271844660194175,0.038461538461538464,1.0,1
54740,14,Footwear,802.9870502858117,13,52,0.34615384615384615,0.12307692307692308,1.0,1
9038,9,Footwear,1239.9549284827754,23,90,0.25555555555555554,0.0,1.0,1
3502,29,Apparel,1384.7406875732088,18,70,0.2714285714285714,0.0,1.0,1
12155,18,Apparel,942.7441533223353,17,58,0.3275862068965517,0.058823529411764705,1.0,1
26360,3,Apparel,907.6951477364464,15,51,0.3137254901960784,0.0,1.0,1
23612,37,Personal Care,1299.378351275635,19,68,0.27941176470588236,0.10526315789473684,1.0,1
3954,50,Apparel,1402.583259548076,16,66,0.2727272727272727,0.13124999999999998,1.0,1
51658,6,Accessories,730.7815903791267,26,103,0.24271844660194175,0.038461538461538464,1.0,1
29742,4,Accessories,529.9546705038455,13,46,0.21739130434782608,0.046153846153846156,1.0,1
20099,34,Apparel,299.189198419816,16,56,0.375,0.01875,1.0,1
59051,6,Footwear,562.5749543534914,26,103,0.24271844660194175,0.038461538461538464,1.0,1
39988,14,Footwear,551.4738693698324,13,52,0.34615384615384615,0.12307692307692308,1.0,1
37812,27,Apparel,1304.6113944722351,24,82,0.4146341463414634,0.0,1.0,1
21977,33,Accessories,716.2426832808812,16,64,0.34375,0.04375,1.0,1
7990,50,Apparel,340.67237009410803,16,66,0.2727272727272727,0.13124999999999998,1.0,1
9036,39,Footwear,650.7551812114765,15,54,0.2777777777777778,0.0,1.0,1
13089,56,Apparel,1213.297482353038,21,77,0.7922077922077922,0.04761904761904761,1.0,1
6842,11,Accessories,644.8484324664357,19,67,0.29850746268656714,0.0894736842105263,1.0,1
59435,12,Footwear,727.6362168715805,11,37,0.2702702702702703,0.0,1.0,1
32138,46,Apparel,795.6613334442457,10,46,0.30434782608695654,0.06999999999999999,1.0,1
45856,47,Apparel,533.4957999973786,23,79,0.3291139240506329,0.043478260869565216,1.0,1
10268,41,Footwear,1097.0284225774028,16,62,0.2903225806451613,0.0625,1.0,1
38402,27,Accessories,1070.6056961723334,24,82,0.4146341463414634,0.0,1.0,1
18005,5,Apparel,1221.468394792875,10,43,0.27906976744186046,0.03,1.0,1
8580,43,Apparel,547.8792315254422,10,31,0.3870967741935484,0.09999999999999999,1.0,1
28690,46,Apparel,1362.892391903887,10,46,0.30434782608695654,0.06999999999999999,1.0,1
23278,10,Accessories,779.7568841576926,21,84,0.25,0.014285714285714284,1.0,1
2886,38,Footwear,503.0781639459572,13,52,0.25,0.13076923076923078,1.0,1
18839,17,Accessories,284.93203050527126,16,60,0.25,0.0875,1.0,1
23876,48,Apparel,781.163444260752,22,76,0.3026315789473684,0.013636363636363636,1.0,1
49495,5,Footwear,821.2562471000952,10,43,0.27906976744186046,0.03,1.0,1
26538,55,Footwear,483.3884543835401,13,48,0.1875,0.15384615384615385,1.0,1
29570,22,Footwear,1544.0161921786582,13,52,0.3269230769230769,0.046153846153846156,1.0,1
22198,45,Footwear,1373.6201353113515,19,75,0.7333333333333333,0.03684210526315789,1.0,1
15528,45,Apparel,1412.116377936274,19,75,0.7333333333333333,0.03684210526315789,1.0,1
59607,10,Apparel,766.1141703224172,21,84,0.25,0.014285714285714284,1.0,1
10866,33,Apparel,536.5770794872078,16,64,0.34375,0.04375,1.0,1
11188,3,Accessories,683.1286183444355,15,51,0.3137254901960784,0.0,1.0,1
4943,41,Apparel,1157.2750378914068,16,62,0.2903225806451613,0.0625,1.0,1
9804,36,Apparel,1006.278667568392,19,70,0.2857142857142857,0.015789473684210523,1.0,1
17427,57,Accessories,1636.500274586561,17,73,0.2465753424657534,0.08235294117647059,1.0,1
51232,14,Apparel,773.0513035103752,13,52,0.34615384615384615,0.12307692307692308,1.0,1
35777,51,Footwear,1331.4651846599006,15,50,0.32,0.04666666666666666,1.0,1
46285,10,Apparel,1357.757454314969,21,84,0.25,0.014285714285714284,1.0,1
54572,39,Apparel,1102.2044616252313,15,54,0.2777777777777778,0.0,1.0,1
26152,37,Apparel,1099.122727870168,19,68,0.27941176470588236,0.10526315789473684,1.0,1
29926,37,Accessories,1016.4484778139024,19,68,0.27941176470588236,0.10526315789473684,1.0,1
48911,19,Accessories,589.6207536783917,20,69,0.2608695652173913,0.065,1.0,1
17615,6,Apparel,880.6020024113641,26,103,0.24271844660194175,0.038461538461538464,1.0,1
47165,17,Accessories,784.8176110678232,16,60,0.25,0.0875,1.0,1
25947,6,Accessories,535.2334184714131,26,103,0.24271844660194175,0.038461538461538464,1.0,1
33822,38,Footwear,1009.232717125781,13,52,0.25,0.13076923076923078,1.0,1
39524,50,Accessories,1796.3808173344562,16,66,0.2727272727272727,0.13124999999999998,1.0,1
44970,10,Accessories,1216.2029272019129,21,84,0.25,0.014285714285714284,1.0,1
17885,41,Apparel,505.3904853952145,16,62,0.2903225806451613,0.0625,1.0,1
13419,34,Apparel,1450.571131204618,16,56,0.375,0.01875,1.0,1
19123,14,Footwear,1255.635573715265,13,52,0.34615384615384615,0.12307692307692308,1.0,1
49653,42,Apparel,1222.1783475726174,17,64,0.71875,0.1,1.0,1
2872,8,Footwear,1135.2487316745276,23,84,0.8452380952380952,0.09130434782608694,1.0,1
18237,12,Apparel,963.3348110401888,11,37,0.2702702702702703,0.0,1.0,1
34835,1,Footwear,830.6771507956621,16,53,0.39622641509433965,0.125,1.0,1
9694,12,Apparel,990.879054597443,11,37,0.2702702702702703,0.0,1.0,1
8746,50,Footwear,1065.521420650928,16,66,0.2727272727272727,0.13124999999999998,1.0,1
49461,9,Footwear,1116.124989025698,23,90,0.25555555555555554,0.0,1.0,1
22950,39,Accessories,1064.7855985438655,15,54,0.2777777777777778,0.0,1.0,1
42089,41,Footwear,1403.8322506277389,16,62,0.2903225806451613,0.0625,1.0,1
19311,15,Footwear,976.2876423931576,20,74,0.21621621621621623,0.049999999999999996,1.0,1
28456,18,Apparel,1266.8564425231932,17,58,0.3275862068965517,0.058823529411764705,1.0,1
29584,24,Apparel,561.6358411969,5,15,0.3333333333333333,0.0,1.0,1
55802,51,Apparel,1333.8618164863512,15,50,0.32,0.04666666666666666,1.0,1
11940,49,Footwear,1786.363929508344,18,73,0.2465753424657534,0.05555555555555555,1.0,1
39716,50,Apparel,506.6554415493393,16,66,0.2727272727272727,0.13124999999999998,1.0,1
5865,47,Apparel,742.9042988614099,23,79,0.3291139240506329,0.043478260869565216,1.0,1
52029,19,Apparel,854.3914240288664,20,69,0.2608695652173913,0.065,1.0,1
35545,9,Footwear,910.7881340555704,23,90,0.25555555555555554,0.0,1.0,1
51000,8,Apparel,725.3495057738214,23,84,0.8452380952380952,0.09130434782608694,1.0,1
45632,8,Apparel,873.4755093771922,23,84,0.8452380952380952,0.09130434782608694,1.0,1
37212,55,Apparel,1566.1737825135017,13,48,0.1875,0.15384615384615385,1.0,1
14090,42,Apparel,448.2910592468163,17,64,0.71875,0.1,1.0,1
39388,31,Apparel,1678.2467038830505,17,56,0.30357142857142855,0.0,1.0,1
56225,28,Apparel,1331.8472227697373,21,80,0.35,0.06666666666666665,1.0,1
10430,9,Apparel,829.245009477304,23,90,0.25555555555555554,0.0,1.0,1
24605,10,Apparel,494.8202333197634,21,84,0.25,0.014285714285714284,1.0,1
12703,57,Footwear,1627.1859973419469,17,73,0.2465753424657534,0.08235294117647059,1.0,1
26536,27,Footwear,890.6772100823995,24,82,0.4146341463414634,0.0,1.0,1
3354,39,Apparel,982.0268894685444,15,54,0.2777777777777778,0.0,1.0,1
28200,7,Accessories,1796.353853671496,14,50,0.26,0.07142857142857142,1.0,1
13841,15,Accessories,771.8061549974448,20,74,0.21621621621621623,0.049999999999999996,1.0,1
49005,9,Accessories,781.7797313093804,23,90,0.25555555555555554,0.0,1.0,1
54588,3,Apparel,472.97517213283606,15,51,0.3137254901960784,0.0,1.0,1
2618,44,Footwear,822.0369911633501,18,67,0.3582089552238806,0.13333333333333333,1.0,1
31923,31,Accessories,956.478025441696,17,56,0.30357142857142855,0.0,1.0,1
26994,34,Apparel,1040.7748462498623,16,56,0.375,0.01875,1.0,1
27846,47,Apparel,854.622867304114,23,79,0.3291139240506329,0.043478260869565216,1.0,1
28032,17,Apparel,1469.0820546421107,16,60,0.25,0.0875,1.0,1
59297,43,Apparel,953.4456158456784,10,31,0.3870967741935484,0.09999999999999999,1.0,1
33648,29,Footwear,1474.7754174140107,18,70,0.2714285714285714,0.0,1.0,1
14856,40,Accessories,1741.774379717548,21,79,0.25316455696202533,0.0,1.0,1
11518,47,Footwear,1705.1855424587063,23,79,0.3291139240506329,0.043478260869565216,1.0,1
41268,48,Accessories,449.7461429152386,22,76,0.3026315789473684,0.013636363636363636,1.0,1
15984,48,Apparel,661.7911137499179,22,76,0.3026315789473684,0.013636363636363636,1.0,1
47530,37,Footwear,325.3644006352585,19,68,0.27941176470588236,0.10526315789473684,1.0,1
17240,19,Apparel,1348.6547980788305,20,69,0.2608695652173913,0.065,1.0,1
50587,48,Apparel,1288.5365682505037,22,76,0.3026315789473684,0.013636363636363636,1.0,1
51455,34,Apparel,1330.4892000049012,16,56,0.375,0.01875,1.0,1
44528,34,Footwear,358.0216099444638,16,56,0.375,0.01875,1.0,1
58177,34,Accessories,954.0163642832242,16,56,0.375,0.01875,1.0,1
41866,39,Footwear,1006.9301684776096,15,54,0.2777777777777778,0.0,1.0,1
20851,35,Accessories,455.7615404624573,16,62,0.25806451612903225,0.0375,1.0,1
39140,46,Apparel,571.84473497102,10,46,0.30434782608695654,0.06999999999999999,1.0,1
36934,5,Personal Care,747.4283013550881,10,43,0.27906976744186046,0.03,1.0,1
7964,34,Apparel,522.2488041653089,16,56,0.375,0.01875,1.0,1
18495,40,Footwear,894.769387145066,21,79,0.25316455696202533,0.0,1.0,1
12993,27,Footwear,1196.322713552754,24,82,0.4146341463414634,0.0,1.0,1
5092,56,Apparel,977.883091866636,21,77,0.7922077922077922,0.04761904761904761,1.0,1
56670,17,Accessories,603.0390716041614,16,60,0.25,0.0875,1.0,1
32335,4,Accessories,896.4207541211834,13,46,0.21739130434782608,0.046153846153846156,1.0,1
24250,50,Footwear,616.8089786896367,16,66,0.2727272727272727,0.13124999999999998,1.0,1
10065,15,Apparel,776.1135905605664,20,74,0.21621621621621623,0.049999999999999996,1.0,1
54127,3,Footwear,882.1532249333338,15,51,0.3137254901960784,0.0,1.0,1
30462,60,Apparel,457.0163112089357,11,40,0.3,0.12727272727272726,1.0,1
43190,17,Accessories,1312.3865732125894,16,60,0.25,0.0875,1.0,1
23849,13,Footwear,1427.829485547882,8,30,0.3,0.0375,1.0,1
3365,27,Apparel,992.5809357800936,24,82,0.4146341463414634,0.0,1.0,1
6617,2,Apparel,581.1250417756224,14,57,0.45614035087719296,0.04285714285714285,1.0,1
6425,21,Footwear,1615.272445736599,9,25,0.4,0.0,1.0,1
35322,11,Accessories,956.0229998302044,19,67,0.29850746268656714,0.0894736842105263,1.0,1
51667,49,Accessories,1381.5994803157953,18,73,0.2465753424657534,0.05555555555555555,1.0,1
11385,40,Apparel,367.7509822776271,21,79,0.25316455696202533,0.0,1.0,1
45869,60,Accessories,308.62199955179403,11,40,0.3,0.12727272727272726,1.0,1
24062,48,Apparel,503.8610666968011,22,76,0.3026315789473684,0.013636363636363636,1.0,1
10257,31,Apparel,1814.311992890803,17,56,0.30357142857142855,0.0,1.0,1
36795,34,Accessories,644.2283357803941,16,56,0.375,0.01875,1.0,1
4140,8,Footwear,479.0805169742672,23,84,0.8452380952380952,0.09130434782608694,1.0,1
15517,40,Footwear,904.6548936145311,21,79,0.25316455696202533,0.0,1.0,1
59638,27,Apparel,892.8858120969215,24,82,0.4146341463414634,0.0,1.0,1
10859,18,Apparel,709.3433538956409,17,58,0.3275862068965517,0.058823529411764705,1.0,1
31581,16,Apparel,1041.980635351705,8,26,0.38461538461538464,0.0,1.0,1
42073,42,Accessories,948.3263335906032,17,64,0.71875,0.1,1.0,1
48549,33,Accessories,576.1119447326691,16,64,0.34375,0.04375,1.0,1
23878,35,Footwear,739.8036126201524,16,62,0.25806451612903225,0.0375,1.0,1
30453,19,Apparel,509.05851498609417,20,69,0.2608695652173913,0.065,1.0,1
54116,33,Footwear,651.7259799374938,16,64,0.34375,0.04375,1.0,1
22196,15,Footwear,1222.74833559363,20,74,0.21621621621621623,0.049999999999999996,1.0,1
23044,9,Apparel,330.79786060970736,23,90,0.25555555555555554,0.0,1.0,1
47501,35,Footwear,758.1618899674048,16,62,0.25806451612903225,0.0375,1.0,1
6626,53,Footwear,583.0253347649822,7,27,0.4074074074074074,0.0,1.0,1
37676,39,Accessories,1024.7488640605188,15,54,0.2777777777777778,0.0,1.0,1
44384,16,Personal Care,746.764656067599,8,26,0.38461538461538464,0.0,1.0,1
21713,48,Accessories,1366.4093011343034,22,76,0.3026315789473684,0.013636363636363636,1.0,1
21174,30,Apparel,1246.7742043131552,14,44,0.20454545454545456,0.021428571428571425,1.0,1
24406,30,Apparel,1001.9464751195336,14,44,0.20454545454545456,0.021428571428571425,1.0,1
10633,10,Footwear,848.5998443841432,21,84,0.25,0.014285714285714284,1.0,1
40143,57,Apparel,815.0520344390574,17,73,0.2465753424657534,0.08235294117647059,1.0,1
58980,31,Personal Care,1761.2387746569827,17,56,0.30357142857142855,0.0,1.0,1
32563,55,Apparel,965.331339343024,13,48,0.1875,0.15384615384615385,1.0,1
21948,10,Accessories,1885.3878298480577,21,84,0.25,0.014285714285714284,1.0,1
30650,14,Apparel,730.7443690265707,13,52,0.34615384615384615,0.12307692307692308,1.0,1
26735,28,Personal Care,1828.8373784877444,21,80,0.35,0.06666666666666665,1.0,1
12500,42,Apparel,1615.8311175324104,17,64,0.71875,0.1,1.0,1
31782,47,Apparel,568.3745547376436,23,79,0.3291139240506329,0.043478260869565216,1.0,1
17072,6,Accessories,570.0991909588433,26,103,0.24271844660194175,0.038461538461538464,1.0,1
23247,7,Footwear,674.3159687067547,14,50,0.26,0.07142857142857142,1.0,1
18806,2,Accessories,481.5983093327041,14,57,0.45614035087719296,0.04285714285714285,1.0,1
26351,42,Accessories,1201.081074917294,17,64,0.71875,0.1,1.0,1
12164,30,Apparel,1235.4625155064089,14,44,0.20454545454545456,0.021428571428571425,1.0,1
42614,55,Accessories,585.5396810148617,13,48,0.1875,0.15384615384615385,1.0,1
3533,22,Apparel,882.7374351736696,13,52,0.3269230769230769,0.046153846153846156,1.0,1
27283,8,Apparel,1489.92031178953,23,84,0.8452380952380952,0.09130434782608694,1.0,1
12958,10,Footwear,1079.8413687489506,21,84,0.25,0.014285714285714284,1.0,1
7193,6,Apparel,126.8240184741139,26,103,0.24271844660194175,0.038461538461538464,1.0,1
9835,22,Apparel,989.0043761706028,13,52,0.3269230769230769,0.046153846153846156,1.0,1
17416,37,Footwear,805.0505556588735,19,68,0.27941176470588236,0.10526315789473684,1.0,1
23623,38,Apparel,963.5221830702666,13,52,0.25,0.13076923076923078,1.0,1
6041,42,Apparel,861.9737898383312,17,64,0.71875,0.1,1.0,1
14293,15,Apparel,681.8766437240489,20,74,0.21621621621621623,0.049999999999999996,1.0,1
53554,43,Apparel,679.7921474838209,10,31,0.3870967741935484,0.09999999999999999,1.0,1
52486,10,Apparel,1237.2677119297457,21,84,0.25,0.014285714285714284,1.0,1
4524,8,Footwear,472.1159021586232,23,84,0.8452380952380952,0.09130434782608694,1.0,1
45603,55,Footwear,485.2258837742066,13,48,0.1875,0.15384615384615385,1.0,1
21346,27,Accessories,1225.438541651754,24,82,0.4146341463414634,0.0,1.0,1
40371,6,Apparel,1051.4904495122034,26,103,0.24271844660194175,0.038461538461538464,1.0,1
10401,5,Apparel,839.3638168868581,10,43,0.27906976744186046,0.03,1.0,1
56214,17,Accessories,763.6218275948038,16,60,0.25,0.0875,1.0,1
32751,45,Footwear,724.2788242856509,19,75,0.7333333333333333,0.03684210526315789,1.0,1
55491,16,Personal Care,823.0054258441169,8,26,0.38461538461538464,0.0,1.0,1
54543,47,Footwear,1108.251616824962,23,79,0.3291139240506329,0.043478260869565216,1.0,1
13284,16,Apparel,603.5990525722552,8,26,0.38461538461538464,0.0,1.0,1
51031,4,Apparel,906.9620933112994,13,46,0.21739130434782608,0.046153846153846156,1.0,1
35574,16,Footwear,614.8746137556743,8,26,0.38461538461538464,0.0,1.0,1
44517,40,Footwear,400.8441892051582,21,79,0.25316455696202533,0.0,1.0,1
20052,30,Accessories,542.7064933545689,14,44,0.20454545454545456,0.021428571428571425,1.0,1
58148,46,Accessories,590.1660512573948,10,46,0.30434782608695654,0.06999999999999999,1.0,1
52472,2,Apparel,1282.81806784373,14,57,0.45614035087719296,0.04285714285714285,1.0,1
41859,11,Footwear,665.6984867302446,19,67,0.29850746268656714,0.0894736842105263,1.0,1
36137,33,Footwear,622.4315909818915,16,64,0.34375,0.04375,1.0,1
57100,35,Apparel,584.2738675716024,16,62,0.25806451612903225,0.0375,1.0,1
33445,49,Accessories,371.5988601386566,18,73,0.2465753424657534,0.05555555555555555,1.0,1
25520,13,Apparel,1488.408444316675,8,30,0.3,0.0375,1.0,1
53766,43,Apparel,968.01622617182,10,31,0.3870967741935484,0.09999999999999999,1.0,1
15526,33,Footwear,934.6654787923272,16,64,0.34375,0.04375,1.0,1
45256,36,Accessories,1271.004919242103,19,70,0.2857142857142857,0.015789473684210523,1.0,1
32304,12,Accessories,415.9196330020169,11,37,0.2702702702702703,0.0,1.0,1
53101,47,Accessories,795.3555775521631,23,79,0.3291139240506329,0.043478260869565216,1.0,1
5291,6,Footwear,932.8931172688413,26,103,0.24271844660194175,0.038461538461538464,1.0,1
21521,11,Accessories,809.0976769974154,19,67,0.29850746268656714,0.0894736842105263,1.0,1
40516,43,Accessories,1110.964438826741,10,31,0.3870967741935484,0.09999999999999999,1.0,1
25181,14,Accessories,601.2109094753548,13,52,0.34615384615384615,0.12307692307692308,1.0,1
56473,3,Personal Care,524.0107417591827,15,51,0.3137254901960784,0.0,1.0,1
7355,40,Apparel,1078.6573828174962,21,79,0.25316455696202533,0.0,1.0,1
34452,12,Footwear,1346.8047562198276,11,37,0.2702702702702703,0.0,1.0,1
27879,30,Apparel,1325.531333899529,14,44,0.20454545454545456,0.021428571428571425,1.0,1
19578,11,Apparel,642.4319420382027,19,67,0.29850746268656714,0.0894736842105263,1.0,1
55657,3,Footwear,1027.232598323826,15,51,0.3137254901960784,0.0,1.0,1
12190,48,Apparel,1016.2771074373144,22,76,0.3026315789473684,0.013636363636363636,1.0,1
6889,46,Apparel,523.7036701315125,10,46,0.30434782608695654,0.06999999999999999,1.0,1
13042,6,Footwear,825.5712237084911,26,103,0.24271844660194175,0.038461538461538464,1.0,1
27277,38,Apparel,1286.3185641699913,13,52,0.25,0.13076923076923078,1.0,1
46240,39,Apparel,768.0018924956786,15,54,0.2777777777777778,0.0,1.0,1
22705,36,Footwear,604.6310137161084,19,70,0.2857142857142857,0.015789473684210523,1.0,1
16530,9,Apparel,1737.0796110710912,23,90,0.25555555555555554,0.0,1.0,1
8913,38,Footwear,748.6432791153976,13,52,0.25,0.13076923076923078,1.0,1
50325,19,Apparel,890.1458112401787,20,69,0.2608695652173913,0.065,1.0,1
44725,18,Footwear,1678.9754355901491,17,58,0.3275862068965517,0.058823529411764705,1.0,1
5402,36,Footwear,1351.54021170696,19,70,0.2857142857142857,0.015789473684210523,1.0,1
15187,37,Apparel,1040.006434538246,19,68,0.27941176470588236,0.10526315789473684,1.0,1
40385,21,Apparel,852.3044985811141,9,25,0.4,0.0,1.0,1
11527,35,Apparel,765.6423471806266,16,62,0.25806451612903225,0.0375,1.0,1
25712,60,Accessories,963.73684059051,11,40,0.3,0.12727272727272726,1.0,1
31120,56,Apparel,787.499267936721,21,77,0.7922077922077922,0.04761904761904761,1.0,1
26197,30,Personal Care,1866.070988379965,14,44,0.20454545454545456,0.021428571428571425,1.0,1
18698,11,Apparel,154.4039195287179,19,67,0.29850746268656714,0.0894736842105263,1.0,1
27045,48,Accessories,618.6004446364939,22,76,0.3026315789473684,0.013636363636363636,1.0,1
2627,36,Footwear,844.0935799564622,19,70,0.2857142857142857,0.015789473684210523,1.0,1
43500,11,Apparel,575.4106639993158,19,67,0.29850746268656714,0.0894736842105263,1.0,1
28831,7,Apparel,693.3630757233744,14,50,0.26,0.07142857142857142,1.0,1
22537,41,Footwear,343.17908859135963,16,62,0.2903225806451613,0.0625,1.0,1
46072,9,Accessories,1477.5707722107063,23,90,0.25555555555555554,0.0,1.0,1
39729,10,Apparel,164.58885529398313,21,84,0.25,0.014285714285714284,1.0,1
33213,57,Apparel,1009.8276289430288,17,73,0.2465753424657534,0.08235294117647059,1.0,1
27421,30,Apparel,930.5169512641028,14,44,0.20454545454545456,0.021428571428571425,1.0,1
30496,41,Apparel,681.6712378378886,16,62,0.2903225806451613,0.0625,1.0,1
2243,30,Apparel,968.2089971462908,14,44,0.20454545454545456,0.021428571428571425,1.0,1
43164,17,Accessories,1372.9946976444,16,60,0.25,0.0875,1.0,1
3391,5,Accessories,997.7041073355088,10,43,0.27906976744186046,0.03,1.0,1
8779,4,Apparel,1266.628127961481,13,46,0.21739130434782608,0.046153846153846156,1.0,1
50573,47,Apparel,879.9244991980664,23,79,0.3291139240506329,0.043478260869565216,1.0,1
28469,29,Apparel,1255.039389051891,18,70,0.2714285714285714,0.0,1.0,1
20260,35,Apparel,1108.244430586983,16,62,0.25806451612903225,0.0375,1.0,1
14055,2,Apparel,977.0769264401232,14,57,0.45614035087719296,0.04285714285714285,1.0,1
42241,1,Apparel,1398.7220715756955,16,53,0.39622641509433965,0.125,1.0,1
12531,47,Apparel,588.6180793208817,23,79,0.3291139240506329,0.043478260869565216,1.0,1
26704,5,Footwear,851.9924523837241,10,43,0.27906976744186046,0.03,1.0,1
43393,4,Accessories,670.6140730199203,13,46,0.21739130434782608,0.046153846153846156,1.0,1
30661,31,Accessories,749.1932954077535,17,56,0.30357142857142855,0.0,1.0,1
16191,37,Apparel,1223.341024514691,19,68,0.27941176470588236,0.10526315789473684,1.0,1
51656,45,Accessories,1132.0684153903026,19,75,0.7333333333333333,0.03684210526315789,1.0,1
18837,32,Accessories,602.9563035523565,18,55,0.8727272727272727,0.016666666666666666,1.0,1
23276,6,Accessories,678.6804582053827,26,103,0.24271844660194175,0.038461538461538464,1.0,1
2888,17,Footwear,615.7475884360223,16,60,0.25,0.0875,1.0,1
50784,1,Footwear,577.470635759931,16,53,0.39622641509433965,0.125,1.0,1
17043,12,Footwear,395.2172110139634,11,37,0.2702702702702703,0.0,1.0,1
8748,4,Apparel,1015.580295029396,13,46,0.21739130434782608,0.046153846153846156,1.0,1
42087,45,Footwear,1025.2051373862084,19,75,0.7333333333333333,0.03684210526315789,1.0,1
44173,33,Personal Care,572.8507922689656,16,64,0.34375,0.04375,1.0,1
37481,1,Accessories,432.8875455289688,16,53,0.39622641509433965,0.125,1.0,1
14603,50,Accessories,787.2823065697542,16,66,0.2727272727272727,0.13124999999999998,1.0,1
41401,22,Apparel,809.0486055032975,13,52,0.3269230769230769,0.046153846153846156,1.0,1
11371,2,Apparel,541.4125503352374,14,57,0.45614035087719296,0.04285714285714285,1.0,1
25144,18,Accessories,848.5881172958647,17,58,0.3275862068965517,0.058823529411764705,1.0,1
33021,13,Apparel,1759.57895413827,8,30,0.3,0.0375,1.0,1
36761,51,Accessories,961.2437388653044,15,50,0.32,0.04666666666666666,1.0,1
45293,32,Accessories,799.3091513232908,18,55,0.8727272727272727,0.016666666666666666,1.0,1
14431,58,Footwear,1482.3073492978945,15,58,0.3103448275862069,0.09333333333333332,1.0,1
44341,17,Apparel,616.9515098600641,16,60,0.25,0.0875,1.0,1
4988,49,Apparel,474.147652619657,18,73,0.2465753424657534,0.05555555555555555,1.0,1
11143,15,Apparel,1041.619736896158,20,74,0.21621621621621623,0.049999999999999996,1.0,1
25376,35,Apparel,368.357227542382,16,62,0.25806451612903225,0.0375,1.0,1
13846,20,Apparel,1183.5204890750338,14,55,0.36363636363636365,0.15,1.0,1
28207,47,Accessories,887.029730358391,23,79,0.3291139240506329,0.043478260869565216,1.0,1
43356,57,Footwear,1104.4579030719112,17,73,0.2465753424657534,0.08235294117647059,1.0,1
13426,44,Apparel,1047.0717757011075,18,67,0.3582089552238806,0.13333333333333333,1.0,1
55233,14,Personal Care,976.8444689470494,13,52,0.34615384615384615,0.12307692307692308,1.0,1
50741,40,Footwear,422.8564611005727,21,79,0.25316455696202533,0.0,1.0,1
17086,15,Accessories,664.5167835034001,20,74,0.21621621621621623,0.049999999999999996,1.0,1
46624,17,Personal Care,337.34885854782465,16,60,0.25,0.0875,1.0,1
7503,8,Apparel,531.935326277812,23,84,0.8452380952380952,0.09130434782608694,1.0,1
19920,41,Accessories,510.1685823712724,16,62,0.2903225806451613,0.0625,1.0,1
29789,40,Apparel,1121.9266833556287,21,79,0.25316455696202533,0.0,1.0,1
22361,7,Footwear,884.4948012346154,14,50,0.26,0.07142857142857142,1.0,1
16154,19,Footwear,762.6733743923508,20,69,0.2608695652173913,0.065,1.0,1
51693,34,Accessories,704.4051167305018,16,56,0.375,0.01875,1.0,1
25978,9,Personal Care,1212.6613891434974,23,90,0.25555555555555554,0.0,1.0,1
53598,58,Free Items,1158.98585295272,15,58,0.3103448275862069,0.09333333333333332,1.0,1
58170,49,Accessories,848.4877202182939,18,73,0.2465753424657534,0.05555555555555555,1.0,1
41861,50,Footwear,434.5422159559188,16,66,0.2727272727272727,0.13124999999999998,1.0,1
20856,19,Footwear,937.611609629191,20,69,0.2608695652173913,0.065,1.0,1
36933,33,Personal Care,1445.593539002911,16,64,0.34375,0.04375,1.0,1
39147,34,Apparel,1793.7761400251848,16,56,0.375,0.01875,1.0,1
49230,9,Accessories,1556.6405078448752,23,90,0.25555555555555554,0.0,1.0,1
8117,3,Accessories,1183.654247265359,15,51,0.3137254901960784,0.0,1.0,1
19540,14,Apparel,741.7835267834213,13,52,0.34615384615384615,0.12307692307692308,1.0,1
16508,55,Apparel,504.99114297275776,13,48,0.1875,0.15384615384615385,1.0,1
46278,37,Apparel,1129.6103363820705,19,68,0.27941176470588236,0.10526315789473684,1.0,1
12994,22,Footwear,946.7978728229634,13,52,0.3269230769230769,0.046153846153846156,1.0,1
46876,18,Accessories,505.29448875570847,17,58,0.3275862068965517,0.058823529411764705,1.0,1
19772,3,Footwear,499.8669976587099,15,51,0.3137254901960784,0.0,1.0,1
31118,32,Apparel,403.6077316663438,18,55,0.8727272727272727,0.016666666666666666,1.0,1
43538,10,Apparel,678.5113551445409,21,84,0.25,0.014285714285714284,1.0,1
13248,11,Apparel,1818.0124822326384,19,67,0.29850746268656714,0.0894736842105263,1.0,1
31924,60,Accessories,948.6983614308472,11,40,0.3,0.12727272727272726,1.0,1
28035,1,Apparel,1124.3084351436898,16,53,0.39622641509433965,0.125,1.0,1
27841,55,Accessories,675.8242583330159,13,48,0.1875,0.15384615384615385,1.0,1
47198,31,Footwear,1081.5466582854035,17,56,0.30357142857142855,0.0,1.0,1
20258,38,Apparel,990.6198309416168,13,52,0.25,0.13076923076923078,1.0,1
52678,18,Accessories,206.3271740936966,17,58,0.3275862068965517,0.058823529411764705,1.0,1
59290,39,Accessories,1064.0858977894195,15,54,0.2777777777777778,0.0,1.0,1
39375,13,Accessories,576.1871990809515,8,30,0.3,0.0375,1.0,1
15983,20,Apparel,827.6241769502575,14,55,0.36363636363636365,0.15,1.0,1
34832,2,Footwear,876.4332088801484,14,57,0.45614035087719296,0.04285714285714285,1.0,1
27419,19,Apparel,1365.1876959991537,20,69,0.2608695652173913,0.065,1.0,1
19316,29,Accessories,1280.622095968551,18,70,0.2714285714285714,0.0,1.0,1
55039,32,Personal Care,798.333867410581,18,55,0.8727272727272727,0.016666666666666666,1.0,1
8741,7,Apparel,863.9054384218514,14,50,0.26,0.07142857142857142,1.0,1
55805,14,Apparel,678.9955095096102,13,52,0.34615384615384615,0.12307692307692308,1.0,1
51499,51,Apparel,1253.5346818129267,15,50,0.32,0.04666666666666666,1.0,1
36759,45,Accessories,962.0193198477248,19,75,0.7333333333333333,0.03684210526315789,1.0,1
11947,6,Footwear,922.2656165740096,26,103,0.24271844660194175,0.038461538461538464,1.0,1
58726,10,Apparel,1123.3855687313169,21,84,0.25,0.014285714285714284,1.0,1
14409,1,Footwear,1827.055981899599,16,53,0.39622641509433965,0.125,1.0,1
5862,27,Apparel,870.1924054441544,24,82,0.4146341463414634,0.0,1.0,1
43155,49,Accessories,557.327861078712,18,73,0.2465753424657534,0.05555555555555555,1.0,1
2272,10,Apparel,381.4211713061656,21,84,0.25,0.014285714285714284,1.0,1
7700,52,Apparel,1570.2168278292302,14,60,0.8,0.049999999999999996,1.0,1
16357,38,Apparel,945.644092234206,13,52,0.25,0.13076923076923078,1.0,1
28458,45,Apparel,844.7638021871771,19,75,0.7333333333333333,0.03684210526315789,1.0,1
43969,33,Personal Care,611.202378257857,16,64,0.34375,0.04375,1.0,1
17285,31,Apparel,559.2615429510963,17,56,0.30357142857142855,0.0,1.0,1
50542,42,Apparel,374.3927069756158,17,64,0.71875,0.1,1.0,1
37682,8,Accessories,1120.759707835943,23,84,0.8452380952380952,0.09130434782608694,1.0,1
36750,7,Apparel,519.5012614591224,14,50,0.26,0.07142857142857142,1.0,1
33222,3,Apparel,1322.001607898526,15,51,0.3137254901960784,0.0,1.0,1
41602,27,Apparel,976.9764585035534,24,82,0.4146341463414634,0.0,1.0,1
39718,51,Apparel,1091.3256755290415,15,50,0.32,0.04666666666666666,1.0,1
58514,8,Apparel,552.9154099855076,23,84,0.8452380952380952,0.09130434782608694,1.0,1
24892,2,Apparel,1085.0744248628814,14,57,0.45614035087719296,0.04285714285714285,1.0,1
11349,15,Apparel,745.8420324166115,20,74,0.21621621621621623,0.049999999999999996,1.0,1
41439,1,Footwear,837.5478337433193,16,53,0.39622641509433965,0.125,1.0,1
33019,16,Apparel,1163.9692435805682,8,26,0.38461538461538464,0.0,1.0,1
44977,2,Accessories,1239.9968091947828,14,57,0.45614035087719296,0.04285714285714285,1.0,1
2049,45,Apparel,1152.9359470104905,19,75,0.7333333333333333,0.03684210526315789,1.0,1
16950,23,Accessories,1246.8467838148763,12,42,0.2857142857142857,0.05833333333333333,1.0,1
22359,40,Apparel,670.2651716640786,21,79,0.25316455696202533,0.0,1.0,1
19918,21,Accessories,995.1905519430658,9,25,0.4,0.0,1.0,1
23885,47,Footwear,638.7091860230429,23,79,0.3291139240506329,0.043478260869565216,1.0,1
16198,20,Apparel,924.5883890939316,14,55,0.36363636363636365,0.15,1.0,1
23871,47,Apparel,636.046163858083,23,79,0.3291139240506329,0.043478260869565216,1.0,1
18230,60,Apparel,1414.797806543457,11,40,0.3,0.12727272727272726,1.0,1
49492,19,Footwear,651.4493909713158,20,69,0.2608695652173913,0.065,1.0,1
31588,17,Apparel,1635.263007319003,16,60,0.25,0.0875,1.0,1
17278,12,Apparel,793.2021066434926,11,37,0.2702702702702703,0.0,1.0,1
43994,3,Personal Care,977.246375565032,15,51,0.3137254901960784,0.0,1.0,1
54923,53,Apparel,1001.9651951069126,7,27,0.4074074074074074,0.0,1.0,1
47508,44,Apparel,962.601091498632,18,67,0.3582089552238806,0.13333333333333333,1.0,1
35128,36,Accessories,855.803517327673,19,70,0.2857142857142857,0.015789473684210523,1.0,1
59600,11,Apparel,430.4450539770402,19,67,0.29850746268656714,0.0894736842105263,1.0,1
5896,10,Footwear,840.4632410131844,21,84,0.25,0.014285714285714284,1.0,1
25940,50,Accessories,457.5205216031059,16,66,0.2727272727272727,0.13124999999999998,1.0,1
33825,5,Footwear,974.0788347610588,10,43,0.27906976744186046,0.03,1.0,1
32903,42,Apparel,998.3860859002708,17,64,0.71875,0.1,1.0,1
59432,19,Accessories,822.6033640522701,20,69,0.2608695652173913,0.065,1.0,1
21528,31,Accessories,971.9255733922872,17,56,0.30357142857142855,0.0,1.0,1
53108,18,Accessories,747.3624587274608,17,58,0.3275862068965517,0.058823529411764705,1.0,1
24866,8,Accessories,217.8284687659996,23,84,0.8452380952380952,0.09130434782608694,1.0,1
25188,59,Accessories,1526.1397671154025,15,58,0.27586206896551724,0.04666666666666666,1.0,1
1638,41,Apparel,729.6016471122067,16,62,0.2903225806451613,0.0625,1.0,1
18002,17,Apparel,1052.0708146557497,16,60,0.25,0.0875,1.0,1
9455,14,Apparel,563.6543761788762,13,52,0.34615384615384615,0.12307692307692308,1.0,1
30668,11,Accessories,135.8796473132021,19,67,0.29850746268656714,0.0894736842105263,1.0,1
17876,1,Apparel,721.5704617793954,16,53,0.39622641509433965,0.125,1.0,1
42248,9,Apparel,777.9309640349467,23,90,0.25555555555555554,0.0,1.0,1
12538,27,Apparel,917.4991960377452,24,82,0.4146341463414634,0.0,1.0,1
28697,31,Apparel,1628.7091215953783,17,56,0.30357142857142855,0.0,1.0,1
29745,30,Accessories,981.7850573144254,14,44,0.20454545454545456,0.021428571428571425,1.0,1
59264,5,Accessories,1054.6416894490949,10,43,0.27906976744186046,0.03,1.0,1
10439,56,Apparel,1413.439029614737,21,77,0.7922077922077922,0.04761904761904761,1.0,1
32769,35,Apparel,1486.4088886852048,16,62,0.25806451612903225,0.0375,1.0,1
15977,8,Apparel,1317.3598902368576,23,84,0.8452380952380952,0.09130434782608694,1.0,1
39381,27,Apparel,1186.7959542925742,24,82,0.4146341463414634,0.0,1.0,1
58184,8,Accessories,1628.2241217496626,23,84,0.8452380952380952,0.09130434782608694,1.0,1
56822,50,Apparel,1649.6094050132265,16,66,0.2727272727272727,0.13124999999999998,1.0,1
45409,45,Footwear,595.4914352138458,19,75,0.7333333333333333,0.03684210526315789,1.0,1
15379,6,Footwear,867.6388026093606,26,103,0.24271844660194175,0.038461538461538464,1.0,1
59056,43,Footwear,1144.0515607159075,10,31,0.3870967741935484,0.09999999999999999,1.0,1
26369,2,Apparel,853.2596364235359,14,57,0.45614035087719296,0.04285714285714285,1.0,1
18466,49,Personal Care,611.7793772461456,18,73,0.2465753424657534,0.05555555555555555,1.0,1
12960,35,Footwear,426.4360356940924,16,62,0.25806451612903225,0.0375,1.0,1
6079,46,Apparel,707.3222959825433,10,46,0.30434782608695654,0.06999999999999999,1.0,1
57563,36,Personal Care,679.9641229539085,19,70,0.2857142857142857,0.015789473684210523,1.0,1
24091,2,Apparel,1415.7186555442472,14,57,0.45614035087719296,0.04285714285714285,1.0,1
44948,30,Footwear,828.9473559317942,14,44,0.20454545454545456,0.021428571428571425,1.0,1
19786,56,Apparel,889.9367860046832,21,77,0.7922077922077922,0.04761904761904761,1.0,1
51835,18,Apparel,476.3246926448357,17,58,0.3275862068965517,0.058823529411764705,1.0,1
9203,32,Footwear,707.9392288192641,18,55,0.8727272727272727,0.016666666666666666,1.0,1
27089,19,Apparel,1240.5814037410628,20,69,0.2608695652173913,0.065,1.0,1
26967,40,Apparel,1528.1920209593577,21,79,0.25316455696202533,0.0,1.0,1
7399,31,Footwear,559.4991300395379,17,56,0.30357142857142855,0.0,1.0,1
29113,36,Accessories,434.63015048147673,19,70,0.2857142857142857,0.015789473684210523,1.0,1
51009,8,Apparel,1096.564235286535,23,84,0.8452380952380952,0.09130434782608694,1.0,1
30802,19,Apparel,518.7563933184134,20,69,0.2608695652173913,0.065,1.0,1
14099,24,Apparel,1112.64186016714,5,15,0.3333333333333333,0.0,1.0,1
11172,42,Apparel,325.25978422892223,17,64,0.71875,0.1,1.0,1
5265,47,Accessories,1371.8914047555838,23,79,0.3291139240506329,0.043478260869565216,1.0,1
44142,8,Personal Care,366.7102915491988,23,84,0.8452380952380952,0.09130434782608694,1.0,1
25949,56,Accessories,660.9006382906985,21,77,0.7922077922077922,0.04761904761904761,1.0,1
52027,49,Apparel,765.003078274788,18,73,0.2465753424657534,0.05555555555555555,1.0,1
25175,4,Accessories,452.14614855822975,13,46,0.21739130434782608,0.046153846153846156,1.0,1
11340,7,Apparel,397.7895726465627,14,50,0.26,0.07142857142857142,1.0,1
3192,18,Apparel,1534.0210704877993,17,58,0.3275862068965517,0.058823529411764705,1.0,1
55202,15,Personal Care,579.9357229006181,20,74,0.21621621621621623,0.049999999999999996,1.0,1
13417,49,Apparel,398.692097162982,18,73,0.2465753424657534,0.05555555555555555,1.0,1
17081,49,Accessories,742.7724420823417,18,73,0.2465753424657534,0.05555555555555555,1.0,1
16153,37,Footwear,1489.7746482082994,19,68,0.27941176470588236,0.10526315789473684,1.0,1
3998,11,Footwear,710.6845686174139,19,67,0.29850746268656714,0.0894736842105263,1.0,1
22366,36,Apparel,568.4100294329627,19,70,0.2857142857142857,0.015789473684210523,1.0,1
7504,10,Apparel,330.7568186683208,21,84,0.25,0.014285714285714284,1.0,1
46623,1,Accessories,765.3329949474232,16,53,0.39622641509433965,0.125,1.0,1
4381,26,Apparel,1886.238490935045,15,57,0.2807017543859649,0.02,1.0,1
14604,45,Accessories,708.4233871902173,19,75,0.7333333333333333,0.03684210526315789,1.0,1
20431,9,Accessories,736.3699498796781,23,90,0.25555555555555554,0.0,1.0,1
44174,38,Personal Care,570.8895311999269,13,52,0.25,0.13076923076923078,1.0,1
25143,2,Accessories,801.1198611417456,14,57,0.45614035087719296,0.04285714285714285,1.0,1
11376,39,Apparel,1040.9396820322124,15,54,0.2777777777777778,0.0,1.0,1
41406,9,Apparel,544.7647947469598,23,90,0.25555555555555554,0.0,1.0,1
13613,32,Apparel,869.0822342972582,18,55,0.8727272727272727,0.016666666666666666,1.0,1
19329,21,Footwear,1271.8141936894117,9,25,0.4,0.0,1.0,1
55006,14,Personal Care,1265.447874674909,13,52,0.34615384615384615,0.12307692307692308,1.0,1
3396,48,Accessories,989.7980840088824,22,76,0.3026315789473684,0.013636363636363636,1.0,1
22968,16,Accessories,1091.336879679978,8,26,0.38461538461538464,0.0,1.0,1
50574,34,Apparel,805.2471706210152,16,56,0.375,0.01875,1.0,1
7736,18,Accessories,626.5226041246492,17,58,0.3275862068965517,0.058823529411764705,1.0,1
46411,7,Apparel,345.34391117124085,14,50,0.26,0.07142857142857142,1.0,1
16361,40,Apparel,299.2895568831807,21,79,0.25316455696202533,0.0,1.0,1
22154,2,Footwear,1733.797691630314,14,57,0.45614035087719296,0.04285714285714285,1.0,1
27614,51,Apparel,951.6242845665636,15,50,0.32,0.04666666666666666,1.0,1
13421,48,Apparel,816.7049962996355,22,76,0.3026315789473684,0.013636363636363636,1.0,1
55234,39,Personal Care,813.5149094753415,15,54,0.2777777777777778,0.0,1.0,1
50746,26,Footwear,1428.5448815899078,15,57,0.2807017543859649,0.02,1.0,1
7352,17,Apparel,1912.2201457435567,16,60,0.25,0.0875,1.0,1
6280,40,Apparel,545.6158926948174,21,79,0.25316455696202533,0.0,1.0,1
34455,7,Footwear,405.9845830794579,14,50,0.26,0.07142857142857142,1.0,1
52223,49,Accessories,713.3969882801217,18,73,0.2465753424657534,0.05555555555555555,1.0,1
45294,56,Accessories,679.355419598493,21,77,0.7922077922077922,0.04761904761904761,1.0,1
11978,8,Footwear,422.6962563839089,23,84,0.8452380952380952,0.09130434782608694,1.0,1
20603,18,Accessories,1552.219056062241,17,58,0.3275862068965517,0.058823529411764705,1.0,1
25371,37,Apparel,800.482490271179,19,68,0.27941176470588236,0.10526315789473684,1.0,1
10096,46,Footwear,245.99258705532537,10,46,0.30434782608695654,0.06999999999999999,1.0,1
33214,53,Apparel,1163.576728713646,7,27,0.4074074074074074,0.0,1.0,1
43163,37,Accessories,621.3809659747831,19,68,0.27941176470588236,0.10526315789473684,1.0,1
2244,37,Apparel,278.91027772611,19,68,0.27941176470588236,0.10526315789473684,1.0,1
27426,46,Apparel,1465.0693998108063,10,46,0.30434782608695654,0.06999999999999999,1.0,1
14052,22,Apparel,1130.0559356513068,13,52,0.3269230769230769,0.046153846153846156,1.0,1
20267,36,Footwear,558.0878929346737,19,70,0.2857142857142857,0.015789473684210523,1.0,1
57335,4,Apparel,441.594343067093,13,46,0.21739130434782608,0.046153846153846156,1.0,1
38298,53,Accessories,965.3339552633732,7,27,0.4074074074074074,0.0,1.0,1
40382,7,Apparel,1002.2779801682468,14,50,0.26,0.07142857142857142,1.0,1
41250,5,Accessories,855.3356119843372,10,43,0.27906976744186046,0.03,1.0,1
25715,49,Accessories,567.7738689630381,18,73,0.2465753424657534,0.05555555555555555,1.0,1
55462,45,Personal Care,770.029625220556,19,75,0.7333333333333333,0.03684210526315789,1.0,1
26190,60,Personal Care,510.5958286196532,11,40,0.3,0.12727272727272726,1.0,1
31127,15,Apparel,759.0105246618112,20,74,0.21621621621621623,0.049999999999999996,1.0,1
28836,17,Apparel,360.17054793512006,16,60,0.25,0.0875,1.0,1
43507,15,Apparel,506.7889023684879,20,74,0.21621621621621623,0.049999999999999996,1.0,1
2620,32,Apparel,721.7103411460077,18,55,0.8727272727272727,0.016666666666666666,1.0,1
30695,37,Footwear,1197.0722789590243,19,68,0.27941176470588236,0.10526315789473684,1.0,1
2040,50,Apparel,1087.779912146737,16,66,0.2727272727272727,0.13124999999999998,1.0,1
16165,4,Footwear,824.8261639711412,13,46,0.21739130434782608,0.046153846153846156,1.0,1
22350,10,Apparel,902.1603513386416,21,84,0.25,0.014285714285714284,1.0,1
19911,1,Accessories,784.6216384318973,16,53,0.39622641509433965,0.125,1.0,1
34235,55,Apparel,1063.8610805299431,13,48,0.1875,0.15384615384615385,1.0,1
23282,40,Accessories,727.2945229879358,21,79,0.25316455696202533,0.0,1.0,1
36106,18,Accessories,928.1953370953488,17,58,0.3275862068965517,0.058823529411764705,1.0,1
41868,55,Footwear,1452.3348121177094,13,48,0.1875,0.15384615384615385,1.0,1
52443,1,Apparel,603.9794619551035,16,53,0.39622641509433965,0.125,1.0,1
15384,12,Footwear,620.0369144216364,11,37,0.2702702702702703,0.0,1.0,1
39972,49,Footwear,470.1003333338656,18,73,0.2465753424657534,0.05555555555555555,1.0,1
58179,47,Accessories,1102.13158478309,23,79,0.3291139240506329,0.043478260869565216,1.0,1
20063,9,Accessories,925.071088054142,23,90,0.25555555555555554,0.0,1.0,1
36130,10,Footwear,1560.5992821483528,21,84,0.25,0.014285714285714284,1.0,1
21187,35,Footwear,527.2484226223792,16,62,0.25806451612903225,0.0375,1.0,1
39944,18,Footwear,460.361376109024,17,58,0.3275862068965517,0.058823529411764705,1.0,1
52475,10,Apparel,1933.0025492651964,21,84,0.25,0.014285714285714284,1.0,1
58973,10,Personal Care,1909.9241266843424,21,84,0.25,0.014285714285714284,1.0,1
33442,36,Accessories,1121.21314484525,19,70,0.2857142857142857,0.015789473684210523,1.0,1
20869,56,Footwear,712.740483065782,21,77,0.7922077922077922,0.04761904761904761,1.0,1
57107,55,Apparel,1337.5785371735158,13,48,0.1875,0.15384615384615385,1.0,1
25527,9,Apparel,1693.473205649908,23,90,0.25555555555555554,0.0,1.0,1
11712,56,Apparel,797.7472321920474,21,77,0.7922077922077922,0.04761904761904761,1.0,1
32590,19,Apparel,1251.7481907194815,20,69,0.2608695652173913,0.065,1.0,1
5405,50,Footwear,253.46796411989163,16,66,0.2727272727272727,0.13124999999999998,1.0,1
44722,12,Footwear,430.6248756850087,11,37,0.2702702702702703,0.0,1.0,1
53795,9,Apparel,845.9404313456355,23,90,0.25555555555555554,0.0,1.0,1
6274,50,Apparel,457.205140320343,16,66,0.2727272727272727,0.13124999999999998,1.0,1
55650,49,Footwear,580.2809808948638,18,73,0.2465753424657534,0.05555555555555555,1.0,1
12197,41,Apparel,781.766298416518,16,62,0.2903225806451613,0.0625,1.0,1
27270,31,Apparel,682.0830937949933,17,56,0.30357142857142855,0.0,1.0,1
13045,36,Footwear,1192.3164637950342,19,70,0.2857142857142857,0.015789473684210523,1.0,1
8914,50,Footwear,538.5241782099907,16,66,0.2727272727272727,0.13124999999999998,1.0,1
22702,11,Footwear,580.5988371125931,19,67,0.29850746268656714,0.0894736842105263,1.0,1
7160,12,Apparel,627.5609148222272,11,37,0.2702702702702703,0.0,1.0,1
46247,11,Apparel,634.2750672112398,19,67,0.29850746268656714,0.0894736842105263,1.0,1
47395,43,Accessories,763.9735817389472,10,31,0.3870967741935484,0.09999999999999999,1.0,1
28238,2,Personal Care,966.531361774436,14,57,0.45614035087719296,0.04285714285714285,1.0,1
50322,33,Apparel,682.9686722591082,16,64,0.34375,0.04375,1.0,1
20055,7,Accessories,144.9887442094455,14,50,0.26,0.07142857142857142,1.0,1
24633,35,Footwear,469.5402283262495,16,62,0.25806451612903225,0.0375,1.0,1
40376,39,Apparel,512.8536669977926,15,54,0.2777777777777778,0.0,1.0,1
15948,15,Accessories,624.7259341216245,20,74,0.21621621621621623,0.049999999999999996,1.0,1
56213,14,Accessories,1032.1468361657787,13,52,0.34615384615384615,0.12307692307692308,1.0,1
26164,15,Apparel,1222.01345629856,20,74,0.21621621621621623,0.049999999999999996,1.0,1
29910,11,Accessories,1110.4638978619423,19,67,0.29850746268656714,0.0894736842105263,1.0,1
30001,30,Accessories,1012.7145290239092,14,44,0.20454545454545456,0.021428571428571425,1.0,1
54544,3,Footwear,533.3661131252394,15,51,0.3137254901960784,0.0,1.0,1
13283,33,Apparel,1208.8053309377997,16,64,0.34375,0.04375,1.0,1
46081,48,Footwear,1429.9080503219889,22,76,0.3026315789473684,0.013636363636363636,1.0,1
26958,53,Apparel,833.1719754815147,7,27,0.4074074074074074,0.0,1.0,1
51036,45,Apparel,1452.209956961407,19,75,0.7333333333333333,0.03684210526315789,1.0,1
48927,31,Accessories,467.173257172091,17,56,0.30357142857142855,0.0,1.0,1
17623,60,Apparel,900.0449182449618,11,40,0.3,0.12727272727272726,1.0,1
4711,42,Accessories,396.5845549892704,17,64,0.71875,0.1,1.0,1
21173,56,Apparel,786.8458193512645,21,77,0.7922077922077922,0.04761904761904761,1.0,1
15346,4,Apparel,706.1086558903573,13,46,0.21739130434782608,0.046153846153846156,1.0,1
59069,42,Apparel,824.8534295428756,17,64,0.71875,0.1,1.0,1
58987,19,Personal Care,1280.242117435092,20,69,0.2608695652173913,0.065,1.0,1
40144,6,Apparel,669.3431928805792,26,103,0.24271844660194175,0.038461538461538464,1.0,1
10634,7,Footwear,1706.543949106977,14,50,0.26,0.07142857142857142,1.0,1
32564,32,Apparel,1687.6686509957644,18,55,0.8727272727272727,0.016666666666666666,1.0,1
37224,56,Apparel,1708.8610988494197,21,77,0.7922077922077922,0.04761904761904761,1.0,1
53761,23,Apparel,1122.621855635772,12,42,0.2857142857142857,0.05833333333333333,1.0,1
21341,1,Accessories,1034.1689061772702,16,53,0.39622641509433965,0.125,1.0,1
15174,3,Apparel,860.2299636374659,15,51,0.3137254901960784,0.0,1.0,1
45604,17,Footwear,560.0214597414639,16,60,0.25,0.0875,1.0,1
10406,57,Apparel,831.7560773150308,17,73,0.2465753424657534,0.08235294117647059,1.0,1
10250,50,Accessories,1077.6612020186371,16,66,0.2727272727272727,0.13124999999999998,1.0,1
24065,9,Apparel,583.4802757443962,23,90,0.25555555555555554,0.0,1.0,1
3534,45,Apparel,806.9501172643772,19,75,0.7333333333333333,0.03684210526315789,1.0,1
42613,47,Accessories,782.3562901362233,23,79,0.3291139240506329,0.043478260869565216,1.0,1
12163,37,Apparel,776.8451503410929,19,68,0.27941176470588236,0.10526315789473684,1.0,1
27284,56,Apparel,1216.0174999992005,21,77,0.7922077922077922,0.04761904761904761,1.0,1
18459,38,Personal Care,835.8488234168174,13,52,0.25,0.13076923076923078,1.0,1
48329,47,Accessories,1254.275102706705,23,79,0.3291139240506329,0.043478260869565216,1.0,1
30233,35,Footwear,643.9410033813298,16,62,0.25806451612903225,0.0375,1.0,1
51204,49,Apparel,1750.1439952576711,18,73,0.2465753424657534,0.05555555555555555,1.0,1
34693,15,Apparel,715.9740018478398,20,74,0.21621621621621623,0.049999999999999996,1.0,1
23624,49,Apparel,973.7194115196572,18,73,0.2465753424657534,0.05555555555555555,1.0,1
17411,51,Footwear,1583.1446350269102,15,50,0.32,0.04666666666666666,1.0,1
14294,6,Apparel,1313.5924690417175,26,103,0.24271844660194175,0.038461538461538464,1.0,1
31785,10,Apparel,951.40247421741,21,84,0.25,0.014285714285714284,1.0,1
26732,27,Personal Care,1144.5182928318393,24,82,0.4146341463414634,0.0,1.0,1
18801,9,Accessories,323.198136218149,23,90,0.25555555555555554,0.0,1.0,1
6422,4,Footwear,301.21816210463487,13,46,0.21739130434782608,0.046153846153846156,1.0,1
51660,39,Accessories,942.2549592397088,15,54,0.2777777777777778,0.0,1.0,1
22392,42,Apparel,1762.1113303762556,17,64,0.71875,0.1,1.0,1
35325,24,Accessories,610.7724548970682,5,15,0.3333333333333333,0.0,1.0,1
4375,48,Apparel,858.9805178876038,22,76,0.3026315789473684,0.013636363636363636,1.0,1
53137,51,Footwear,946.2296238721613,15,50,0.32,0.04666666666666666,1.0,1
44180,35,Personal Care,1535.8156519210236,16,62,0.25806451612903225,0.0375,1.0,1
1607,20,Apparel,1240.8620234837804,14,55,0.36363636363636365,0.15,1.0,1
40520,33,Accessories,1071.938295898765,16,64,0.34375,0.04375,1.0,1
5601,18,Footwear,486.7822226988511,17,58,0.3275862068965517,0.058823529411764705,1.0,1
11724,15,Apparel,724.9550955457574,20,74,0.21621621621621623,0.049999999999999996,1.0,1
59897,15,Apparel,493.906451874417,20,74,0.21621621621621623,0.049999999999999996,1.0,1
57131,41,Apparel,921.193196978485,16,62,0.2903225806451613,0.0625,1.0,1
13073,6,Footwear,927.3928993749488,26,103,0.24271844660194175,0.038461538461538464,1.0,1
43703,38,Accessories,431.2812243737522,13,52,0.25,0.13076923076923078,1.0,1
31323,40,Apparel,1261.8860047664195,21,79,0.25316455696202533,0.0,1.0,1
49239,9,Accessories,555.7635222966397,23,90,0.25555555555555554,0.0,1.0,1
19549,40,Apparel,1206.116096139688,21,79,0.25316455696202533,0.0,1.0,1
6084,2,Apparel,986.0538245246652,14,57,0.45614035087719296,0.04285714285714285,1.0,1
34651,60,Footwear,842.3324114914718,11,40,0.3,0.12727272727272726,1.0,1
50314,40,Accessories,1030.8125057127088,21,79,0.25316455696202533,0.0,1.0,1
16501,7,Apparel,1040.7809284431437,14,50,0.26,0.07142857142857142,1.0,1
8922,3,Accessories,1723.7293234074375,15,51,0.3137254901960784,0.0,1.0,1
24257,41,Footwear,1123.0983278952542,16,62,0.2903225806451613,0.0625,1.0,1
38608,57,Apparel,1120.6431569455046,17,73,0.2465753424657534,0.08235294117647059,1.0,1
54120,15,Footwear,518.1183494494691,20,74,0.21621621621621623,0.049999999999999996,1.0,1
12735,42,Accessories,1566.8949883620128,17,64,0.71875,0.1,1.0,1
3362,11,Apparel,631.1848377574263,19,67,0.29850746268656714,0.0894736842105263,1.0,1
23072,27,Apparel,1389.8198083090122,24,82,0.4146341463414634,0.0,1.0,1
17247,20,Apparel,954.487492059181,14,55,0.36363636363636365,0.15,1.0,1
47537,45,Footwear,306.884875083106,19,75,0.7333333333333333,0.03684210526315789,1.0,1
6610,22,Apparel,711.7157229347139,13,52,0.3269230769230769,0.046153846153846156,1.0,1
51452,31,Apparel,697.6113133097732,17,56,0.30357142857142855,0.0,1.0,1
42879,21,Accessories,1159.2187392797375,9,25,0.4,0.0,1.0,1
17849,37,Apparel,841.1594011121213,19,68,0.27941176470588236,0.10526315789473684,1.0,1
48582,5,Accessories,621.5848050338652,10,43,0.27906976744186046,0.03,1.0,1
55833,46,Personal Care,1366.896104328939,10,46,0.30434782608695654,0.06999999999999999,1.0,1
42884,32,Accessories,410.07364358159583,18,55,0.8727272727272727,0.016666666666666666,1.0,1
16368,34,Apparel,1125.1616024277298,16,56,0.375,0.01875,1.0,1
28467,49,Apparel,775.8137471617069,18,73,0.2465753424657534,0.05555555555555555,1.0,1
43956,13,Footwear,1827.882287047309,8,30,0.3,0.0375,1.0,1
21725,40,Apparel,1096.2971336506123,21,79,0.25316455696202533,0.0,1.0,1
15510,30,Footwear,959.4795835455903,14,44,0.20454545454545456,0.021428571428571425,1.0,1
36792,58,Accessories,1149.0242275320918,15,58,0.3103448275862069,0.09333333333333332,1.0,1
4147,33,Footwear,470.41316233987897,16,64,0.34375,0.04375,1.0,1
32332,47,Accessories,1393.2822841562686,23,79,0.3291139240506329,0.043478260869565216,1.0,1
58522,38,Accessories,739.4952677849942,13,52,0.25,0.13076923076923078,1.0,1
4388,6,Apparel,1049.516750732439,26,103,0.24271844660194175,0.038461538461538464,1.0,1
24098,39,Footwear,1847.1226650038816,15,54,0.2777777777777778,0.0,1.0,1
44941,37,Footwear,962.9475447259368,19,68,0.27941176470588236,0.10526315789473684,1.0,1
45893,58,Accessories,903.3902883542258,15,58,0.3103448275862069,0.09333333333333332,1.0,1
39515,8,Accessories,1186.848020190641,23,84,0.8452380952380952,0.09130434782608694,1.0,1
5854,31,Accessories,1117.137326768374,17,56,0.30357142857142855,0.0,1.0,1
57758,42,Personal Care,756.6475409569799,17,64,0.71875,0.1,1.0,1
39727,36,Apparel,415.8116717446669,19,70,0.2857142857142857,0.015789473684210523,1.0,1
4986,13,Apparel,969.7677114217282,8,30,0.3,0.0375,1.0,1
25378,3,Apparel,1236.4152575498404,15,51,0.3137254901960784,0.0,1.0,1
19320,45,Accessories,886.7456966412612,19,75,0.7333333333333333,0.03684210526315789,1.0,1
8777,11,Apparel,420.7077424173643,19,67,0.29850746268656714,0.0894736842105263,1.0,1
30498,18,Apparel,792.0307525087424,17,58,0.3275862068965517,0.058823529411764705,1.0,1
28231,16,Personal Care,665.1141896423478,8,26,0.38461538461538464,0.0,1.0,1
7169,6,Apparel,676.5720684615716,26,103,0.24271844660194175,0.038461538461538464,1.0,1
59094,56,Apparel,986.72529318832,21,77,0.7922077922077922,0.04761904761904761,1.0,1
41857,48,Footwear,1892.097708307843,22,76,0.3026315789473684,0.013636363636363636,1.0,1
40985,60,Apparel,996.1706629475786,11,40,0.3,0.12727272727272726,1.0,1
58146,47,Accessories,1168.0249443512923,23,79,0.3291139240506329,0.043478260869565216,1.0,1
57932,27,Apparel,1094.725736409839,24,82,0.4146341463414634,0.0,1.0,1
36905,36,Accessories,713.9515313876948,19,70,0.2857142857142857,0.015789473684210523,1.0,1
13428,9,Apparel,534.1398471296824,23,90,0.25555555555555554,0.0,1.0,1
3991,32,Apparel,1030.443662420241,18,55,0.8727272727272727,0.016666666666666666,1.0,1
17088,6,Accessories,558.673086714118,26,103,0.24271844660194175,0.038461538461538464,1.0,1
2843,35,Apparel,772.0306863120251,16,62,0.25806451612903225,0.0375,1.0,1
22734,48,Footwear,671.0252767284319,22,76,0.3026315789473684,0.013636363636363636,1.0,1
7156,47,Apparel,441.2114719188256,23,79,0.3291139240506329,0.043478260869565216,1.0,1
46271,42,Apparel,743.4876678782185,17,64,0.71875,0.1,1.0,1
43531,53,Apparel,780.0781775846559,7,27,0.4074074074074074,0.0,1.0,1
2616,3,Footwear,289.2886813253083,15,51,0.3137254901960784,0.0,1.0,1
27074,60,Footwear,795.1848660641275,11,40,0.3,0.12727272727272726,1.0,1
54586,24,Apparel,1410.2272128468835,5,15,0.3333333333333333,0.0,1.0,1
12393,7,Accessories,840.4018240467065,14,50,0.26,0.07142857142857142,1.0,1
55454,33,Personal Care,361.1096951458135,16,64,0.34375,0.04375,1.0,1
31111,47,Apparel,499.82128454112114,23,79,0.3291139240506329,0.043478260869565216,1.0,1
27848,45,Apparel,460.871879011089,19,75,0.7333333333333333,0.03684210526315789,1.0,1
34463,31,Accessories,814.624404440581,17,56,0.30357142857142855,0.0,1.0,1
16733,1,Footwear,983.8558647638754,16,53,0.39622641509433965,0.125,1.0,1
59299,19,Apparel,613.4884124137154,20,69,0.2608695652173913,0.065,1.0,1
26199,32,Personal Care,791.3005874264518,18,55,0.8727272727272727,0.016666666666666666,1.0,1
19744,41,Apparel,412.7591654113483,16,62,0.2903225806451613,0.0625,1.0,1
28003,35,Apparel,404.629599121112,16,62,0.25806451612903225,0.0375,1.0,1
6289,1,Apparel,1309.0436168187086,16,53,0.39622641509433965,0.125,1.0,1
27877,34,Apparel,1488.8690465377258,16,56,0.375,0.01875,1.0,1
22539,8,Footwear,1454.6137897166127,23,84,0.8452380952380952,0.09130434782608694,1.0,1
49808,11,Footwear,481.7701668543377,19,67,0.29850746268656714,0.0894736842105263,1.0,1
31912,11,Accessories,947.8897814768146,19,67,0.29850746268656714,0.0894736842105263,1.0,1
6887,37,Apparel,716.4994023690206,19,68,0.27941176470588236,0.10526315789473684,1.0,1
27279,32,Apparel,1252.800058798019,18,55,0.8727272727272727,0.016666666666666666,1.0,1
8121,6,Accessories,366.7453108381184,26,103,0.24271844660194175,0.038461538461538464,1.0,1
7955,4,Apparel,1283.7958778406671,13,46,0.21739130434782608,0.046153846153846156,1.0,1
19576,36,Apparel,717.1058148832175,19,70,0.2857142857142857,0.015789473684210523,1.0,1
56814,30,Apparel,1652.531254251206,14,44,0.20454545454545456,0.021428571428571425,1.0,1
59060,6,Apparel,628.2109004475634,26,103,0.24271844660194175,0.038461538461538464,1.0,1
40971,8,Footwear,930.7513377917106,23,84,0.8452380952380952,0.09130434782608694,1.0,1
39185,48,Apparel,521.2766050472981,22,76,0.3026315789473684,0.013636363636363636,1.0,1
21946,8,Accessories,1403.2590810640168,23,84,0.8452380952380952,0.09130434782608694,1.0,1
15189,9,Apparel,789.2975613629343,23,90,0.25555555555555554,0.0,1.0,1
1890,36,Apparel,736.8534308907393,19,70,0.2857142857142857,0.015789473684210523,1.0,1
11529,30,Apparel,1475.7942655244533,14,44,0.20454545454545456,0.021428571428571425,1.0,1
38291,32,Accessories,1552.6786104544335,18,55,0.8727272727272727,0.016666666666666666,1.0,1
14867,48,Accessories,912.02359846483,22,76,0.3026315789473684,0.013636363636363636,1.0,1
18696,4,Apparel,1027.4606007725947,13,46,0.21739130434782608,0.046153846153846156,1.0,1
47992,44,Accessories,942.6096459044556,18,67,0.3582089552238806,0.13333333333333333,1.0,1
12358,22,Apparel,846.642679137581,13,52,0.3269230769230769,0.046153846153846156,1.0,1
42428,48,Apparel,1139.7030364543753,22,76,0.3026315789473684,0.013636363636363636,1.0,1
29919,17,Accessories,897.6406401606782,16,60,0.25,0.0875,1.0,1
27883,46,Apparel,654.5468854115754,10,46,0.30434782608695654,0.06999999999999999,1.0,1
26951,50,Apparel,681.2922229846341,16,66,0.2727272727272727,0.13124999999999998,1.0,1
18450,45,Personal Care,691.4691788651828,19,75,0.7333333333333333,0.03684210526315789,1.0,1
6873,21,Apparel,1362.055944954593,9,25,0.4,0.0,1.0,1
48320,41,Accessories,1036.502824769054,16,62,0.2903225806451613,0.0625,1.0,1
19582,13,Apparel,782.983341304851,8,30,0.3,0.0375,1.0,1
13884,47,Apparel,1114.7996150757842,23,79,0.3291139240506329,0.043478260869565216,1.0,1
47368,56,Accessories,1849.470443419422,21,77,0.7922077922077922,0.04761904761904761,1.0,1
29317,44,Accessories,984.9662215315536,18,67,0.3582089552238806,0.13333333333333333,1.0,1
12956,40,Footwear,626.6954573106823,21,79,0.25316455696202533,0.0,1.0,1
8783,34,Apparel,922.260523896495,16,56,0.375,0.01875,1.0,1
48576,11,Accessories,1502.8905279922762,19,67,0.29850746268656714,0.0894736842105263,1.0,1
23847,44,Footwear,953.7012774122354,18,67,0.3582089552238806,0.13333333333333333,1.0,1
54129,8,Footwear,728.0558450587225,23,84,0.8452380952380952,0.09130434782608694,1.0,1
42870,45,Accessories,810.1518602058294,19,75,0.7333333333333333,0.03684210526315789,1.0,1
50589,27,Apparel,1238.460408028073,24,82,0.4146341463414634,0.0,1.0,1
54915,34,Apparel,1330.3628144175436,16,56,0.375,0.01875,1.0,1
59252,6,Accessories,545.1932205679453,26,103,0.24271844660194175,0.038461538461538464,1.0,1
21348,9,Accessories,1480.5517191368845,23,90,0.25555555555555554,0.0,1.0,1
53768,58,Apparel,1499.1568740387306,15,58,0.3103448275862069,0.09333333333333332,1.0,1
15941,10,Accessories,395.0621286578928,21,84,0.25,0.014285714285714284,1.0,1
14893,19,Accessories,1500.1158341280516,20,69,0.2608695652173913,0.065,1.0,1
9235,19,Apparel,703.9831454280393,20,69,0.2608695652173913,0.065,1.0,1
48112,32,Accessories,1007.82683444938,18,55,0.8727272727272727,0.016666666666666666,1.0,1
52671,28,Accessories,1233.9108851753426,21,80,0.35,0.06666666666666665,1.0,1
44714,18,Footwear,1786.4845068345685,17,58,0.3275862068965517,0.058823529411764705,1.0,1
11516,28,Footwear,1548.1923297971048,21,80,0.35,0.06666666666666665,1.0,1
57303,6,Footwear,669.6477731383649,26,103,0.24271844660194175,0.038461538461538464,1.0,1
33646,1,Footwear,763.0021638486195,16,53,0.39622641509433965,0.125,1.0,1
49696,42,Free Items,690.9838644514729,17,64,0.71875,0.1,1.0,1
3159,14,Footwear,612.5696464695455,13,52,0.34615384615384615,0.12307692307692308,1.0,1
16992,36,Accessories,696.9106414963433,19,70,0.2857142857142857,0.015789473684210523,1.0,1
18034,29,Accessories,1582.8934883450104,18,70,0.2714285714285714,0.0,1.0,1
17840,8,Footwear,911.5349220267004,23,84,0.8452380952380952,0.09130434782608694,1.0,1
48744,39,Accessories,749.7945837204275,15,54,0.2777777777777778,0.0,1.0,1
29773,53,Apparel,1624.0102244510006,7,27,0.4074074074074074,0.0,1.0,1
51669,32,Accessories,940.938689286898,18,55,0.8727272727272727,0.016666666666666666,1.0,1
18808,8,Accessories,593.1990611880327,23,84,0.8452380952380952,0.09130434782608694,1.0,1
23249,26,Footwear,1324.7645450750783,15,57,0.2807017543859649,0.02,1.0,1
59404,1,Apparel,818.6727219025963,16,53,0.39622641509433965,0.125,1.0,1
40529,60,Accessories,311.11190317517975,11,40,0.3,0.12727272727272726,1.0,1
38433,40,Accessories,383.2368731879554,21,79,0.25316455696202533,0.0,1.0,1
10857,9,Apparel,559.582642307807,23,90,0.25555555555555554,0.0,1.0,1
59636,37,Apparel,1118.8831011464972,19,68,0.27941176470588236,0.10526315789473684,1.0,1
11985,47,Footwear,1074.0679223379618,23,79,0.3291139240506329,0.043478260869565216,1.0,1
45269,22,Accessories,1210.9125931654585,13,52,0.3269230769230769,0.046153846153846156,1.0,1
38601,57,Apparel,1231.795977323049,17,73,0.2465753424657534,0.08235294117647059,1.0,1
59263,40,Accessories,371.32148748461447,21,79,0.25316455696202533,0.0,1.0,1
53139,32,Footwear,847.6700298204956,18,55,0.8727272727272727,0.016666666666666666,1.0,1
21519,38,Accessories,1122.0584029789716,13,52,0.25,0.13076923076923078,1.0,1
59403,32,Apparel,385.0292406027933,18,55,0.8727272727272727,0.016666666666666666,1.0,1
1609,12,Apparel,419.89583084651554,11,37,0.2702702702702703,0.0,1.0,1
53905,33,Accessories,719.2513207256353,16,64,0.34375,0.04375,1.0,1
38434,21,Accessories,672.5511956792261,9,25,0.4,0.0,1.0,1
45400,48,Footwear,1018.3565321084512,22,76,0.3026315789473684,0.013636363636363636,1.0,1
21145,15,Apparel,1507.2372156417828,20,74,0.21621621621621623,0.049999999999999996,1.0,1
39986,19,Footwear,636.9177424363862,20,69,0.2608695652173913,0.065,1.0,1
15370,37,Apparel,621.9588897894527,19,68,0.27941176470588236,0.10526315789473684,1.0,1
53565,40,Accessories,738.2015583534927,21,79,0.25316455696202533,0.0,1.0,1
20097,36,Apparel,1438.7479220587825,19,70,0.2857142857142857,0.015789473684210523,1.0,1
56017,39,Personal Care,758.2292274962832,15,54,0.2777777777777778,0.0,1.0,1
21979,33,Accessories,819.4781935278168,16,64,0.34375,0.04375,1.0,1
17429,31,Accessories,632.7126782508055,17,56,0.30357142857142855,0.0,1.0,1
47359,28,Accessories,1405.1340430486937,21,80,0.35,0.06666666666666665,1.0,1
51832,51,Apparel,1059.8684421554676,15,50,0.32,0.04666666666666666,1.0,1
42419,8,Apparel,1227.5621499671072,23,84,0.8452380952380952,0.09130434782608694,1.0,1
12369,48,Apparel,1012.0191403443188,22,76,0.3026315789473684,0.013636363636363636,1.0,1
46885,44,Footwear,966.514786060932,18,67,0.3582089552238806,0.13333333333333333,1.0,1
18653,45,Footwear,936.1909928202048,19,75,0.7333333333333333,0.03684210526315789,1.0,1
9204,32,Footwear,442.3220040069737,18,55,0.8727272727272727,0.016666666666666666,1.0,1
30039,6,Accessories,580.1972064389976,26,103,0.24271844660194175,0.038461538461538464,1.0,1
29114,13,Accessories,904.3153314466916,8,30,0.3,0.0375,1.0,1
26960,42,Apparel,1210.0490391080627,17,64,0.71875,0.1,1.0,1
30805,6,Apparel,268.03066501557714,26,103,0.24271844660194175,0.038461538461538464,1.0,1
53759,26,Apparel,1055.9186501656886,15,57,0.2807017543859649,0.02,1.0,1
42426,27,Apparel,845.3009076255474,24,82,0.4146341463414634,0.0,0.9999999999999998,1
3730,48,Apparel,382.0656153498237,22,76,0.3026315789473684,0.013636363636363636,0.9999999999999998,1
48781,27,Accessories,836.4589093640352,24,82,0.4146341463414634,0.0,0.9999999999999998,1
45258,41,Accessories,286.6550846130321,16,62,0.2903225806451613,0.0625,0.9999999999999998,1
43967,54,Personal Care,1175.4077922498022,14,51,0.39215686274509803,0.0,0.9999999999999998,1
43958,29,Footwear,1221.3865232401974,18,70,0.2714285714285714,0.0,0.9999999999999998,1
7158,41,Apparel,286.98679762576774,16,62,0.2903225806451613,0.0625,0.9999999999999998,1
14869,27,Accessories,827.7264349726446,24,82,0.4146341463414634,0.0,0.9999999999999996,1
35913,23,Accessories,978.6048160333384,12,42,0.2857142857142857,0.05833333333333333,0.9999999999999996,1
48123,59,Accessories,1165.2900220800857,15,58,0.27586206896551724,0.04666666666666666,0.9999999999999993,1
6242,57,Apparel,758.7467001029956,17,73,0.2465753424657534,0.08235294117647059,0.9999999999999991,1
6414,43,Footwear,430.716720416044,10,31,0.3870967741935484,0.09999999999999999,0.9999999999999991,1
13870,44,Apparel,758.2045046923529,18,67,0.3582089552238806,0.13333333333333333,0.9999999999999987,1
41266,44,Accessories,759.9231246348207,18,67,0.3582089552238806,0.13333333333333333,0.9999999999999987,1
47392,26,Accessories,953.3413222201924,15,57,0.2807017543859649,0.02,0.9999999999999984,1
31315,24,Apparel,257.7441944718163,5,15,0.3333333333333333,0.0,0.9999999999999984,1
29917,48,Accessories,331.3733149226688,22,76,0.3026315789473684,0.013636363636363636,0.999999999999998,1
52647,29,Accessories,1175.2313563634705,18,70,0.2714285714285714,0.0,0.9999999999999978,1
10292,41,Footwear,232.1207055325421,16,62,0.2903225806451613,0.0625,0.9999999999999978,1
32552,43,Footwear,408.7746808631176,10,31,0.3870967741935484,0.09999999999999999,0.9999999999999971,1
51694,56,Accessories,587.5597972478994,21,77,0.7922077922077922,0.04761904761904761,0.9999999999999969,1
8313,29,Accessories,1161.7888515243449,18,70,0.2714285714285714,0.0,0.9999999999999958,1
20604,20,Accessories,643.4203019421163,14,55,0.36363636363636365,0.15,0.9999999999999956,1
4386,19,Apparel,269.13400904704696,20,69,0.2608695652173913,0.065,0.9999999999999951,1
43197,48,Accessories,313.1338572053147,22,76,0.3026315789473684,0.013636363636363636,0.9999999999999949,1
58974,19,Personal Care,259.5233807550721,20,69,0.2608695652173913,0.065,0.999999999999992,1
16395,23,Apparel,917.4556994626728,12,42,0.2857142857142857,0.05833333333333333,0.9999999999999907,1
5253,44,Accessories,719.4510672903458,18,67,0.3582089552238806,0.13333333333333333,0.9999999999999905,1
46615,55,Footwear,309.93889692871954,13,48,0.1875,0.15384615384615385,0.9999999999999902,1
43735,26,Accessories,914.6044801584684,15,57,0.2807017543859649,0.02,0.9999999999999885,1
9009,58,Accessories,779.2459083903559,15,58,0.3103448275862069,0.09333333333333332,0.9999999999999876,1
49034,28,Accessories,959.868712314569,21,80,0.35,0.06666666666666665,0.9999999999999869,1
42625,26,Accessories,908.6796322367444,15,57,0.2807017543859649,0.02,0.9999999999999845,1
57138,23,Apparel,904.2280559533092,12,42,0.2857142857142857,0.05833333333333333,0.9999999999999816,1
35573,52,Footwear,962.5190780087784,14,60,0.8,0.049999999999999996,0.9999999999999811,1
47357,56,Accessories,550.4660488399102,21,77,0.7922077922077922,0.04761904761904761,0.9999999999999798,1
42270,44,Footwear,690.7609564898793,18,67,0.3582089552238806,0.13333333333333333,0.9999999999999585,1
14064,26,Apparel,885.4274326623172,15,57,0.2807017543859649,0.02,0.9999999999999492,1
46418,38,Accessories,156.4077960376612,13,52,0.25,0.13076923076923078,0.999999999999944,1
36139,57,Footwear,675.4075462957456,17,73,0.2465753424657534,0.08235294117647059,0.9999999999999369,1
1852,59,Apparel,1073.933771062778,15,58,0.27586206896551724,0.04666666666666666,0.9999999999999196,1
27410,27,Apparel,719.1825764526798,24,82,0.4146341463414634,0.0,0.9999999999999045,1
12732,21,Accessories,491.2470977887205,9,25,0.4,0.0,0.9999999999999007,1
2288,29,Apparel,1088.078763777219,18,70,0.2714285714285714,0.0,0.9999999999998155,1
54924,20,Apparel,568.7207674122649,14,55,0.36363636363636365,0.15,0.9999999999998028,1
25982,44,Personal Care,656.2995137802468,18,67,0.3582089552238806,0.13333333333333333,0.9999999999997609,1
3168,22,Footwear,531.0483277982606,13,52,0.3269230769230769,0.046153846153846156,0.9999999999997562,1
3739,58,Accessories,717.9608125849546,15,58,0.3103448275862069,0.09333333333333332,0.9999999999997176,1
19927,58,Footwear,716.8441680158874,15,58,0.3103448275862069,0.09333333333333332,0.9999999999997007,1
22162,55,Footwear,241.947488662334,13,48,0.1875,0.15384615384615385,0.9999999999996871,1
5068,56,Accessories,493.22577045204616,21,77,0.7922077922077922,0.04761904761904761,0.9999999999996265,1
15341,27,Apparel,691.0367085180047,24,82,0.4146341463414634,0.0,0.9999999999996005,1
17882,22,Apparel,520.5861612816427,13,52,0.3269230769230769,0.046153846153846156,0.9999999999995839,1
6287,20,Apparel,549.4593659638596,14,55,0.36363636363636365,0.15,0.9999999999994751,1
23882,49,Footwear,97.03649439783716,18,73,0.2465753424657534,0.05555555555555555,0.9999999999993432,1
41259,15,Accessories,220.1781515577832,20,74,0.21621621621621623,0.049999999999999996,0.9999999999992171,1
5891,22,Apparel,491.806542879614,13,52,0.3269230769230769,0.046153846153846156,0.9999999999982008,1
10266,28,Footwear,860.5214384152289,21,80,0.35,0.06666666666666665,0.9999999999979525,1
54118,28,Footwear,858.9969023579296,21,80,0.35,0.06666666666666665,0.9999999999977873,1
7963,15,Apparel,196.25833773298885,20,74,0.21621621621621623,0.049999999999999996,0.999999999997353,1
14632,51,Accessories,740.9528085922209,15,50,0.32,0.04666666666666666,0.9999999999969666,1
47191,56,Footwear,448.42198813902206,21,77,0.7922077922077922,0.04761904761904761,0.999999999996348,1
30234,21,Footwear,418.0399978846713,9,25,0.4,0.0,0.9999999999958804,1
14851,58,Accessories,663.8782990017218,15,58,0.3103448275862069,0.09333333333333332,0.9999999999955778,1
5608,28,Footwear,844.8353910189945,21,80,0.35,0.06666666666666665,0.9999999999954523,1
6628,25,Footwear,1129.9226814563983,14,55,0.2909090909090909,0.0,0.9999999999922209,1
30037,25,Accessories,1127.1486182128892,14,55,0.2909090909090909,0.0,0.9999999999910629,1
6070,20,Apparel,490.92544068854,14,55,0.36363636363636365,0.15,0.9999999999897042,1
4515,29,Footwear,1005.5071549571276,18,70,0.2714285714285714,0.0,0.9999999999877478,1
6046,55,Apparel,168.24669202857083,13,48,0.1875,0.15384615384615385,0.9999999999867055,1
39523,57,Accessories,567.6847071507317,17,73,0.2465753424657534,0.08235294117647059,0.9999999999848754,1
4972,57,Apparel,564.0183120093023,17,73,0.2465753424657534,0.08235294117647059,0.9999999999817053,1
22153,26,Footwear,768.9817165312244,15,57,0.2807017543859649,0.02,0.9999999999810492,1
58513,43,Apparel,233.9529339207145,10,31,0.3870967741935484,0.09999999999999999,0.9999999999789184,1
21180,28,Footwear,814.0104738109178,21,80,0.35,0.06666666666666665,0.9999999999781835,1
42841,56,Accessories,407.9417184284355,21,77,0.7922077922077922,0.04761904761904761,0.9999999999713889,1
21510,26,Accessories,758.7610022225421,15,57,0.2807017543859649,0.02,0.9999999999681748,1
42042,59,Footwear,948.88512530493,15,58,0.27586206896551724,0.04666666666666666,0.9999999999537366,1
51464,57,Apparel,545.6559407690312,17,73,0.2465753424657534,0.08235294117647059,0.9999999999534446,1
52812,57,Accessories,543.4670174791709,17,73,0.2465753424657534,0.08235294117647059,0.9999999999481499,1
44379,54,Personal Care,932.2076965229406,14,51,0.39215686274509803,0.0,0.9999999999474569,1
34203,29,Apparel,976.748374671841,18,70,0.2714285714285714,0.0,0.9999999999468316,1
17624,28,Apparel,791.0311105462941,21,80,0.35,0.06666666666666665,0.9999999999295224,1
58945,52,Personal Care,791.8748437598967,14,60,0.8,0.049999999999999996,0.9999999998894047,1
18492,59,Footwear,928.508743376044,15,58,0.27586206896551724,0.04666666666666666,0.9999999998695648,1
52488,44,Apparel,529.7955423062215,18,67,0.3582089552238806,0.13333333333333333,0.9999999998508367,1
18206,23,Accessories,725.4991904478525,12,42,0.2857142857142857,0.05833333333333333,0.999999999837665,1
4343,23,Footwear,724.6151017902321,12,42,0.2857142857142857,0.05833333333333333,0.9999999998299449,1
19547,52,Apparel,775.823508120605,14,60,0.8,0.049999999999999996,0.9999999997491908,1
24408,56,Footwear,363.64109189878826,21,77,0.7922077922077922,0.04761904761904761,0.9999999997273092,1
47153,20,Apparel,420.60055323018463,14,55,0.36363636363636365,0.15,0.9999999996321434,1
49837,27,Footwear,544.8007205901606,24,82,0.4146341463414634,0.0,0.9999999993220408,1
48772,57,Accessories,484.4596248848381,17,73,0.2465753424657534,0.08235294117647059,0.9999999989565684,1
2629,56,Footwear,336.0953023708494,21,77,0.7922077922077922,0.04761904761904761,0.9999999988927037,1
46075,58,Accessories,543.0671474037064,15,58,0.3103448275862069,0.09333333333333332,0.9999999979358254,1
48124,58,Accessories,542.5556246318201,15,58,0.3103448275862069,0.09333333333333332,0.9999999978814067,1
31543,28,Apparel,715.0308500513034,21,80,0.35,0.06666666666666665,0.9999999966353201,1
9832,51,Apparel,593.8497874496039,15,50,0.32,0.04666666666666666,0.9999999945801332,1
45260,51,Accessories,590.4060078920279,15,50,0.32,0.04666666666666666,0.9999999935678288,1
3962,58,Apparel,518.1036663412403,15,58,0.3103448275862069,0.09333333333333332,0.999999992624844,1
6845,52,Accessories,706.3399852794236,14,60,0.8,0.049999999999999996,0.9999999914517611,1
39943,52,Footwear,695.2878126748534,14,60,0.8,0.049999999999999996,0.9999999849816077,1
18208,52,Accessories,692.9887456488083,14,60,0.8,0.049999999999999996,0.9999999831428105,1
39178,20,Apparel,337.40763620025376,14,55,0.36363636363636365,0.15,0.9999999747144028,1
9007,44,Accessories,424.19488524393006,18,67,0.3582089552238806,0.13333333333333333,0.9999999680317838,1
27080,59,Footwear,816.9374984639076,15,58,0.27586206896551724,0.04666666666666666,0.9999999619597831,1
37472,52,Accessories,675.7928655870718,14,60,0.8,0.049999999999999996,0.999999959578174,1
27042,28,Accessories,664.692474749428,21,80,0.35,0.06666666666666665,0.9999999566468517,1
1855,52,Apparel,671.8351085335903,14,60,0.8,0.049999999999999996,0.999999950342298,1
4171,59,Footwear,810.6629232300243,15,58,0.27586206896551724,0.04666666666666666,0.9999999476566169,1
21379,27,Apparel,459.16780519080174,24,82,0.4146341463414634,0.0,0.9999999470061823,1
44984,54,Accessories,795.1022091507361,14,51,0.39215686274509803,0.0,0.9999999440786185,1
7731,58,Footwear,476.6215112877776,15,58,0.3103448275862069,0.09333333333333332,0.9999999393035438,1
12507,29,Footwear,822.0675171381678,18,70,0.2714285714285714,0.0,0.9999998614337701,1
38637,54,Apparel,775.4205183247591,14,51,0.39215686274509803,0.0,0.99999984704292,1
24850,58,Accessories,456.376837519939,15,58,0.3103448275862069,0.09333333333333332,0.9999998301735245,1
8110,29,Accessories,816.0758448907441,18,70,0.2714285714285714,0.0,0.9999998123599042,1
36562,59,Apparel,780.9128002637733,15,58,0.27586206896551724,0.04666666666666666,0.999999761397783,1
16957,20,Accessories,291.00512472770185,14,55,0.36363636363636365,0.15,0.9999997328467242,1
25382,52,Apparel,637.676272078448,14,60,0.8,0.049999999999999996,0.9999997178994159,1
20860,26,Accessories,575.4102738124251,15,57,0.2807017543859649,0.02,0.9999996419216098,1
17271,27,Apparel,409.8639462633308,24,82,0.4146341463414634,0.0,0.9999993490949168,1
3701,44,Apparel,362.803198913499,18,67,0.3582089552238806,0.13333333333333333,0.9999992724868402,1
15722,28,Footwear,604.2520531955238,21,80,0.35,0.06666666666666665,0.9999990604886202,1
49654,54,Apparel,739.1233922262654,14,51,0.39215686274509803,0.0,0.9999990312382155,1
43369,57,Footwear,346.4317379408787,17,73,0.2465753424657534,0.08235294117647059,0.9999988294947656,1
29125,54,Accessories,729.8072410340063,14,51,0.39215686274509803,0.0,0.999998451709593,1
22395,20,Apparel,255.30549675512907,14,55,0.36363636363636365,0.15,0.9999983557083255,1
53902,23,Accessories,541.2734932295101,12,42,0.2857142857142857,0.05833333333333333,0.9999980939720724,1
5254,54,Accessories,713.0041889944413,14,51,0.39215686274509803,0.0,0.9999963607859362,1
12969,25,Footwear,872.3591694391613,14,55,0.2909090909090909,0.0,0.9999961941989552,1
17871,59,Apparel,724.0934622713008,15,58,0.27586206896551724,0.04666666666666666,0.9999957064206005,1
11520,51,Apparel,462.3718107204394,15,50,0.32,0.04666666666666666,0.999995647931325,1
39711,59,Accessories,707.2463152303404,15,58,0.27586206896551724,0.04666666666666666,0.9999899325362426,1
10054,23,Apparel,481.6227662536268,12,42,0.2857142857142857,0.05833333333333333,0.9999602578842495,1
15519,29,Footwear,708.1770047079511,18,70,0.2714285714285714,0.0,0.9999544735250786,1
7390,59,Footwear,673.1049837065649,15,58,0.27586206896551724,0.04666666666666666,0.9999427485360385,1
3706,54,Apparel,655.7273437254247,14,51,0.39215686274509803,0.0,0.9999326947322497,1
36766,23,Accessories,468.91899538491407,12,42,0.2857142857142857,0.05833333333333333,0.9999244080113189,1
44187,25,Personal Care,811.2080065394821,14,55,0.2909090909090909,0.0,0.9999145474388152,1
53130,25,Footwear,810.5485199693488,14,55,0.2909090909090909,0.0,0.9999117342170946,1
39171,25,Apparel,809.2606323810705,14,55,0.2909090909090909,0.0,0.9999054057981175,1
40186,54,Apparel,644.1325061286733,14,51,0.39215686274509803,0.0,0.9998786315557253,1
19124,25,Footwear,799.4988025453034,14,55,0.2909090909090909,0.0,0.9998451721176138,1
2286,26,Apparel,450.6765882754722,15,57,0.2807017543859649,0.02,0.999795243487337,1
44510,28,Footwear,496.89823908031127,21,80,0.35,0.06666666666666665,0.9997789275120263,1
49839,28,Footwear,489.0915109678118,21,80,0.35,0.06666666666666665,0.9996711793679146,1
3150,26,Footwear,440.422054166186,15,57,0.2807017543859649,0.02,0.9996557764275084,1
5630,44,Footwear,231.3738943143893,18,67,0.3582089552238806,0.13333333333333333,0.9994194218618131,1
27622,58,Apparel,295.5033250421089,15,58,0.3103448275862069,0.09333333333333332,0.9993907500312222,1
24295,28,Accessories,473.6359952949145,21,80,0.35,0.06666666666666665,0.9992791936410065,1
29321,26,Apparel,424.369699604826,15,57,0.2807017543859649,0.02,0.9992198600265746,1
48578,25,Accessories,753.7862443277143,14,55,0.2909090909090909,0.0,0.998421165387202,1
3965,52,Apparel,454.6045435574344,14,60,0.8,0.049999999999999996,0.9968933181741844,1
42045,23,Footwear,393.697571859375,12,42,0.2857142857142857,0.05833333333333333,0.9965400750791661,1
26993,57,Apparel,183.02873049635227,17,73,0.2465753424657534,0.08235294117647059,0.9952491866239797,1
9497,44,Footwear,180.68366293808043,18,67,0.3582089552238806,0.13333333333333333,0.9924064565338188,1
35313,59,Accessories,576.3626188915014,15,58,0.27586206896551724,0.04666666666666666,0.9922169586700524,1
57756,27,Personal Care,213.971805969052,24,82,0.4146341463414634,0.0,0.9863483598051273,1
32597,44,Apparel,165.74196572379185,18,67,0.3582089552238806,0.13333333333333333,0.9838910965572493,1
24401,54,Apparel,541.6690492730094,14,51,0.39215686274509803,0.0,0.9782437675427982,1
53757,25,Footwear,695.09726048864,14,55,0.2909090909090909,0.0,0.969610761895354,1
17418,26,Accessories,344.6617755505668,15,57,0.2807017543859649,0.02,0.9570093244722835,1
5095,20,Apparel,51.82811027343348,14,55,0.36363636363636365,0.15,0.9512711618697123,1
58183,54,Accessories,518.5178367235811,14,51,0.39215686274509803,0.0,0.9328920405638381,1
3953,59,Apparel,524.7139206126558,15,58,0.27586206896551724,0.04666666666666666,0.9017712694492064,1
24053,54,Apparel,503.5450287189503,14,51,0.39215686274509803,0.0,0.8661213369928933,1
48311,25,Accessories,660.808146362394,14,55,0.2909090909090909,0.0,0.8481415430734209,1
11971,52,Footwear,343.6132607671047,14,60,0.8,0.049999999999999996,0.5320403424536675,1
25385,29,Apparel,510.9252746591765,18,70,0.2714285714285714,0.0,0.4896626612760232,0
44189,51,Footwear,211.5757851893884,15,50,0.32,0.04666666666666666,0.3983691064317958,0
56825,28,Apparel,308.5662498861783,21,80,0.35,0.06666666666666665,0.23774041987387684,0
12367,25,Apparel,603.7443275774875,14,55,0.2909090909090909,0.0,0.2338813403193358,0
59609,28,Apparel,295.36958735928346,21,80,0.35,0.06666666666666665,0.13748199109987497,0
12967,23,Footwear,241.47238227349,12,42,0.2857142857142857,0.05833333333333333,0.11107866225318255,0
16959,51,Accessories,156.03990146939014,15,50,0.32,0.04666666666666666,0.037784673760772075,0
56677,52,Accessories,261.98647968527695,14,60,0.8,0.049999999999999996,0.017592345465840726,0
37640,28,Accessories,241.85989065882256,21,80,0.35,0.06666666666666665,0.010389185669018398,0
38630,29,Apparel,420.5953774946448,18,70,0.2714285714285714,0.0,0.009594540229736546,0
28451,54,Apparel,356.1555079557492,14,51,0.39215686274509803,0.0,0.003581846090480724,0
8574,29,Footwear,385.9351422900186,18,70,0.2714285714285714,0.0,0.0016613094032683735,0
30205,29,Accessories,361.5001967221451,18,70,0.2714285714285714,0.0,0.0004801209592458935,0
37223,28,Apparel,179.9212463345019,21,80,0.35,0.06666666666666665,0.00044870094997058387,0
43367,59,Footwear,325.6267269111332,15,58,0.27586206896551724,0.04666666666666666,0.000367696535928204,0
29583,54,Footwear,309.83277729909014,14,51,0.39215686274509803,0.0,0.0003412472341930297,0
5433,59,Apparel,282.39784400000684,15,58,0.27586206896551724,0.04666666666666666,4.074230428730848e-05,0
15714,25,Footwear,391.6691554806803,14,55,0.2909090909090909,0.0,6.327294789503529e-06,0
53591,52,Free Items,105.29878811783024,14,60,0.8,0.049999999999999996,6.2010457158123016e-06,0
52481,25,Apparel,354.6559415441719,14,55,0.2909090909090909,0.0,9.613788595226747e-07,0
58719,25,Apparel,282.12321034676125,14,55,0.2909090909090909,0.0,2.4033078165512113e-08,0
